{
    "frequency": 10.0,
    "lidarOrigin": {
        "x": 0,
        "y": 0,
        "z": 0
    },
    "configs": [
        {
            "position": {
                "x": 0,
                "y": 0,
                "z": 0.0
            },
            "rotation": {
                "x": 0.0,
                "y": 0.0,
                "z": 0.0
            },
            "maxRange": 100.0,
            "horizontalResolution": 720,
            "laserVerticalAngle": [
                -15,
                -13.90,
                -10.84,
                -7.78,
                -4.72,
                -1.66666,
                -1.33333,
                -1,
                -0.66666,
                -0.33333,
                0,
                0.33333,
                0.66666,
                1,
                1.33333,
                1.66666,
                2,
                2.33333,
                2.66666,
                3,
                3.33333,
                3.66666,
                4,
                4.33333,
                4.66666,
                7.72666,
                10.78666,
                13.8466,
                17,
                20,
                22.5,
                25
            ]
        }
    ]
}